<ImportExportXml version="9.1.0.8018" SolutionPackageVersion="9.1" languagecode="1033" generatedBy="CrmLive" xmlns:xsi="http://www.w3.org/2001/XMLSchema-instance">
  <SolutionManifest>
    <UniqueName>EntityFieldCreationTool</UniqueName>
    <LocalizedNames>
      <LocalizedName description="Entity Field Creation Tool" languagecode="1033" />
    </LocalizedNames>
    <Descriptions />
    <Version>1.0.0.0</Version>
    <Managed>1</Managed>
    <ConfigurationPage>efct_ConfigurationPage.html</ConfigurationPage>
    <Publisher>
      <UniqueName>efct</UniqueName>
      <LocalizedNames>
        <LocalizedName description="EFCT" languagecode="1033" />
      </LocalizedNames>
      <Descriptions />
      <EMailAddress>efcreationtool@gmail.com</EMailAddress>
      <SupportingWebsiteUrl>https://rameelkhan.wordpress.com</SupportingWebsiteUrl>
      <CustomizationPrefix>efct</CustomizationPrefix>
      <CustomizationOptionValuePrefix>99707</CustomizationOptionValuePrefix>
      <Addresses>
        <Address>
          <AddressNumber>1</AddressNumber>
          <AddressTypeCode>1</AddressTypeCode>
          <City xsi:nil="true"></City>
          <County xsi:nil="true"></County>
          <Country xsi:nil="true"></Country>
          <Fax xsi:nil="true"></Fax>
          <FreightTermsCode xsi:nil="true"></FreightTermsCode>
          <ImportSequenceNumber xsi:nil="true"></ImportSequenceNumber>
          <Latitude xsi:nil="true"></Latitude>
          <Line1 xsi:nil="true"></Line1>
          <Line2 xsi:nil="true"></Line2>
          <Line3 xsi:nil="true"></Line3>
          <Longitude xsi:nil="true"></Longitude>
          <Name xsi:nil="true"></Name>
          <PostalCode xsi:nil="true"></PostalCode>
          <PostOfficeBox xsi:nil="true"></PostOfficeBox>
          <PrimaryContactName xsi:nil="true"></PrimaryContactName>
          <ShippingMethodCode>1</ShippingMethodCode>
          <StateOrProvince xsi:nil="true"></StateOrProvince>
          <Telephone1>9970700628</Telephone1>
          <Telephone2 xsi:nil="true"></Telephone2>
          <Telephone3 xsi:nil="true"></Telephone3>
          <TimeZoneRuleVersionNumber xsi:nil="true"></TimeZoneRuleVersionNumber>
          <UPSZone xsi:nil="true"></UPSZone>
          <UTCOffset xsi:nil="true"></UTCOffset>
          <UTCConversionTimeZoneCode xsi:nil="true"></UTCConversionTimeZoneCode>
        </Address>
        <Address>
          <AddressNumber>2</AddressNumber>
          <AddressTypeCode>1</AddressTypeCode>
          <City xsi:nil="true"></City>
          <County xsi:nil="true"></County>
          <Country xsi:nil="true"></Country>
          <Fax xsi:nil="true"></Fax>
          <FreightTermsCode xsi:nil="true"></FreightTermsCode>
          <ImportSequenceNumber xsi:nil="true"></ImportSequenceNumber>
          <Latitude xsi:nil="true"></Latitude>
          <Line1 xsi:nil="true"></Line1>
          <Line2 xsi:nil="true"></Line2>
          <Line3 xsi:nil="true"></Line3>
          <Longitude xsi:nil="true"></Longitude>
          <Name xsi:nil="true"></Name>
          <PostalCode xsi:nil="true"></PostalCode>
          <PostOfficeBox xsi:nil="true"></PostOfficeBox>
          <PrimaryContactName xsi:nil="true"></PrimaryContactName>
          <ShippingMethodCode>1</ShippingMethodCode>
          <StateOrProvince xsi:nil="true"></StateOrProvince>
          <Telephone1 xsi:nil="true"></Telephone1>
          <Telephone2 xsi:nil="true"></Telephone2>
          <Telephone3 xsi:nil="true"></Telephone3>
          <TimeZoneRuleVersionNumber xsi:nil="true"></TimeZoneRuleVersionNumber>
          <UPSZone xsi:nil="true"></UPSZone>
          <UTCOffset xsi:nil="true"></UTCOffset>
          <UTCConversionTimeZoneCode xsi:nil="true"></UTCConversionTimeZoneCode>
        </Address>
      </Addresses>
    </Publisher>
    <RootComponents>
      <RootComponent type="1" schemaName="efct_efctauditdata" behavior="0" />
      <RootComponent type="1" schemaName="efct_efctregistration" behavior="0" />
      <RootComponent type="20" id="{1c70a21f-e39f-e911-a97f-000d3af2905b}" behavior="0" />
      <RootComponent type="60" id="{05d62c7a-8bff-4e95-af12-f515335c022e}" behavior="0" />
      <RootComponent type="60" id="{9e2e1685-ee17-4f58-8aa4-e208a74a8937}" behavior="0" />
      <RootComponent type="61" schemaName="efct_ConfigurationPage.html" behavior="0" />
      <RootComponent type="61" schemaName="efct_ConfigurationPage.js" behavior="0" />
      <RootComponent type="91" id="{ac00ca4e-2649-4cce-b346-4231c8562221}" schemaName="EFCT.EFCTPlugins, Version=1.0.0.0, Culture=neutral, PublicKeyToken=a68e57ffa844effe" behavior="0" />
      <RootComponent type="92" id="{0134adb7-c99f-e911-a973-000d3af2924b}" behavior="0" />
      <RootComponent type="92" id="{464fba9b-c99f-e911-a973-000d3af2924b}" behavior="0" />
      <RootComponent type="92" id="{64f175aa-c99f-e911-a973-000d3af2924b}" behavior="0" />
    </RootComponents>
    <MissingDependencies />
  </SolutionManifest>
</ImportExportXml>